SIFT_score,PPH_score,gerp_score,volume_change_index,polarity_change_index,distance,distance_normed,allele_freq,molecular_weight,H_bond_donor,H_bond_acceptor,rotatable_bond,Polar_Surface_Area
31,0.04,0.475,3.62,-0.326810316,-0.5,8.201020546,0.19426672,1.65e-05,283.113,5,8,4,148
32,0.04,0.475,3.62,-0.326810316,-0.5,8.201020546,0.19426672,1.65e-05,283.113,5,8,4,148
33,0.01,0.381,3.62,-0.326810316,-0.5,8.201020546,0.19426672,8.24e-06,283.113,5,8,4,148
34,0.01,0.381,3.62,-0.326810316,-0.5,8.201020546,0.19426672,8.24e-06,283.113,5,8,4,148
37,0,0.995,4.44,-0.071553261,0.5,2.99843209,0.003096915,1.65e-05,474.58,1,7,7,118
38,0,0.995,4.44,-0.071553261,0.5,2.99843209,0.003096915,1.65e-05,474.58,1,7,7,118
39,0,0.995,4.44,-0.527931556,0.5,2.99843209,0.003096915,1.65e-05,474.58,1,7,7,118
40,0,0.995,4.44,-0.527931556,0.5,2.99843209,0.003096915,1.65e-05,474.58,1,7,7,118
44,0.04,0.475,3.62,-0.326810316,-0.5,2.696938264,0.018820525,1.65e-05,272.09,5,8,4,153
45,0.01,0.381,3.62,-0.326810316,-0.5,2.696938264,0.018820525,8.24e-06,272.09,5,8,4,153
46,0.04,0.475,3.62,-0.326810316,-0.5,2.696938264,0.018820525,1.65e-05,272.09,5,8,4,153
47,0.01,0.381,3.62,-0.326810316,-0.5,2.696938264,0.018820525,8.24e-06,272.09,5,8,4,153
48,0.01,0.381,3.62,-0.783188611,-0.5,2.696938264,0.018820525,8.24e-06,272.09,5,8,4,153
49,0.01,0.381,3.62,-0.783188611,-0.5,2.696938264,0.018820525,8.24e-06,272.09,5,8,4,153
50,0.04,0.475,3.62,-0.783188611,-0.5,2.696938264,0.018820525,1.65e-05,272.09,5,8,4,153
51,0.04,0.475,3.62,-0.783188611,-0.5,2.696938264,0.018820525,1.65e-05,272.09,5,8,4,153
73,0.01,0.381,3.62,-0.326810316,-0.5,2.582038342,0.044418317,8.24e-06,272.09,5,8,4,153
74,0.01,0.381,3.62,-0.326810316,-0.5,2.582038342,0.044418317,8.24e-06,272.09,5,8,4,153
75,0.04,0.475,3.62,-0.326810316,-0.5,2.582038342,0.044418317,1.65e-05,272.09,5,8,4,153
76,0.04,0.475,3.62,-0.326810316,-0.5,2.582038342,0.044418317,1.65e-05,272.09,5,8,4,153
77,0.01,0.381,3.62,-0.783188611,-0.5,2.582038342,0.044418317,8.24e-06,272.09,5,8,4,153
78,0.04,0.475,3.62,-0.783188611,-0.5,2.582038342,0.044418317,1.65e-05,272.09,5,8,4,153
79,0.04,0.475,3.62,-0.783188611,-0.5,2.582038342,0.044418317,1.65e-05,272.09,5,8,4,153
80,0.01,0.381,3.62,-0.783188611,-0.5,2.582038342,0.044418317,8.24e-06,272.09,5,8,4,153
112,0.58,0.001,2.59,-0.158697746,1.5,6.522938985,0.084843636,4.94e-05,219.281,4,5,4,84.2
113,0.58,0.001,2.59,-0.158697746,1.5,6.522938985,0.084843636,4.94e-05,219.281,4,5,4,84.2
114,0.18,0.642,3.51,-0.158697746,1.5,6.522938985,0.084843636,4.12e-05,219.281,4,5,4,84.2
115,0.18,0.642,3.51,-0.158697746,1.5,6.522938985,0.084843636,4.12e-05,219.281,4,5,4,84.2
144,0.04,0.475,3.62,-0.783188611,-0.5,2.665699908,0,1.65e-05,272.09,5,8,4,153
145,0.04,0.475,3.62,-0.783188611,-0.5,2.665699908,0,1.65e-05,272.09,5,8,4,153
146,0.01,0.381,3.62,-0.783188611,-0.5,2.665699908,0,8.24e-06,272.09,5,8,4,153
147,0.01,0.381,3.62,-0.783188611,-0.5,2.665699908,0,8.24e-06,272.09,5,8,4,153
148,0.04,0.475,3.62,-0.326810316,-0.5,2.665699908,0,1.65e-05,272.09,5,8,4,153
149,0.04,0.475,3.62,-0.326810316,-0.5,2.665699908,0,1.65e-05,272.09,5,8,4,153
150,0.01,0.381,3.62,-0.326810316,-0.5,2.665699908,0,8.24e-06,272.09,5,8,4,153
151,0.01,0.381,3.62,-0.326810316,-0.5,2.665699908,0,8.24e-06,272.09,5,8,4,153
169,0,0.999,4.96,-0.36923381,0.5,3.534920933,0.021156622,8.24e-06,474.58,1,7,7,118
204,0,0.79,2.15,0.139274789,-0.5,6.339765453,0.184741762,5.77e-05,415.574,4,4,12,89.8
206,0.51,0.002,-4.3,-0.376563351,-0.5,7.185539159,0.210776858,2.47e-05,415.574,4,4,12,89.8
242,0.51,0.002,-4.3,-0.376563351,-0.5,5.02555002,0.05790907,2.47e-05,357.79,1,4,4,68.5
580,0.01,0.415,1.7,-0.376563351,-0.5,7.726062257,0.191034305,4.12e-05,508.638,5,8,9,189
581,0.01,0.415,1.7,0.064705689,1.5,6.804560015,0.16096896,4.12e-05,508.638,5,8,9,189
656,0,0.972,-1.69,-0.783188611,-0.5,7.252731623,0.175689346,3.3e-05,459.506,1,5,5,111
691,0.17,0.007,4.23,0.239950793,0,25.48492664,0.801195555,8.24e-05,398.482,3,4,7,77.2
692,0,1,4.48,0.634482637,0.5,27.55407901,0.874121602,4.12e-05,398.482,3,4,7,77.2
693,0,1,4.48,0.634482637,0.5,27.55407901,0.874121602,4.12e-05,398.482,3,4,7,77.2
694,0,1,4.48,0.239950793,0,27.55407901,0.874121602,4.12e-05,398.482,3,4,7,77.2
695,0,1,4.48,0.239950793,0,27.55407901,0.874121602,4.12e-05,398.482,3,4,7,77.2
696,0,0.999,5.32,-0.326810316,-0.5,16.08532067,0.469912018,8.25e-06,398.482,3,4,7,77.2
697,0.05,0.999,4.39,-0.326810316,-0.5,11.23976859,0.299133409,4.95e-05,398.482,3,4,7,77.2
698,0,0.998,5.09,0,1.5,11.32524741,0.30214606,0.0001483,398.482,3,4,7,77.2
699,0,0.564,4.69,0.308631272,2,17.53899681,0.521145971,1.65e-05,398.482,3,4,7,77.2
700,0.27,0.534,4.96,0.243925583,0.5,26.9844276,0.854044577,9.06e-05,398.482,3,4,7,77.2
701,0.21,0.994,4.16,0.122619287,0,8.640301557,0.207516736,3.3e-05,398.482,3,4,7,77.2
702,0.02,0.999,5.32,0.139274789,-0.5,11.50051155,0.30832314,3.3e-05,398.482,3,4,7,77.2
703,0,0.997,4.96,-0.376563351,-0.5,28.03099681,0.890930287,4.12e-05,398.482,3,4,7,77.2
758,0.06,0.002,4.72,-0.527931556,0.5,7.709175442,0.314457231,8.24e-06,398.482,3,4,7,77.2
759,0.06,0.002,4.72,-0.527931556,0.5,7.709175442,0.314457231,8.24e-06,398.482,3,4,7,77.2
760,0,0.478,3.76,-0.527931556,0.5,7.709175442,0.314457231,1.65e-05,398.482,3,4,7,77.2
761,0,0.478,3.76,-0.527931556,0.5,7.709175442,0.314457231,1.65e-05,398.482,3,4,7,77.2
770,0,0.919,4.85,-0.537656786,0.5,6.227095792,0.246171981,4.94e-05,398.482,3,4,7,77.2
771,0,0.919,4.85,-0.537656786,0.5,6.227095792,0.246171981,4.94e-05,398.482,3,4,7,77.2
772,0,0.919,4.85,-0.362570079,0,6.227095792,0.246171981,4.94e-05,398.482,3,4,7,77.2
773,0,0.919,4.85,-0.362570079,0,6.227095792,0.246171981,4.94e-05,398.482,3,4,7,77.2
779,0,1,4.85,-0.287980763,0.5,3.979050389,0.14259567,4.94e-05,398.482,3,4,7,77.2
780,0,1,4.85,-0.287980763,0.5,3.979050389,0.14259567,4.94e-05,398.482,3,4,7,77.2
781,0,1,4.85,-0.287980763,0.5,3.979050389,0.14259567,4.94e-05,398.482,3,4,7,77.2
784,0,0.774,3.76,0.441269041,2,6.977971983,0.280767806,8.24e-06,398.482,3,4,7,77.2
792,0,1,4.85,0.239950793,0,3.979050389,0.14259567,4.94e-05,398.482,3,4,7,77.2
793,0,1,4.85,0.239950793,0,3.979050389,0.14259567,4.94e-05,398.482,3,4,7,77.2
794,0,1,4.85,0.239950793,0,3.979050389,0.14259567,4.94e-05,398.482,3,4,7,77.2
795,0,1,4.85,0.168397532,0.5,3.979050389,0.14259567,4.94e-05,398.482,3,4,7,77.2
796,0,1,4.85,0.168397532,0.5,3.979050389,0.14259567,4.94e-05,398.482,3,4,7,77.2
797,0,1,4.85,0.168397532,0.5,3.979050389,0.14259567,4.94e-05,398.482,3,4,7,77.2
801,0.01,0.612,1.01,-0.624490865,-2,2.903242498,0,8.24e-06,206.285,1,2,4,37.3
821,0.53,0.679,3.51,-1.158903595,0,5.42161037,0.071214096,1.65e-05,206.285,1,2,4,37.3
828,0,0.931,5.47,0.394531844,0.5,12.61898558,0.540671533,1.65e-05,398.482,3,4,7,77.2
833,0.02,0.56,0.87,1.36923381,0,3.26281305,0.010167892,0.0004036,206.285,1,2,4,37.3
882,0,0.999,4.51,0.390789953,0.5,4.52140476,0.121833569,8.24e-06,324.428,2,7,3,151
912,0.01,0.998,3.69,0.856875058,0.5,5.992991073,0.047344582,1.65e-05,440.599,3,7,14,113
957,0,1,5.54,-0.394531844,-0.5,3.826227123,0.100675299,8.24e-06,324.428,2,7,3,151
976,0,0.993,6.08,0,0,3.714842258,0.04780564,0.001474,296.147,2,3,4,49.3
977,0,0.993,6.08,0,0,3.714842258,0.04780564,0.001474,296.147,2,3,4,49.3
979,0.05,0.029,4.31,0.239950793,0,3.312765159,0.039331922,0.001375,776.874,3,5,5,92.8
980,0,0.993,6.08,0.537656786,0.5,4.699809571,0.086868704,0.001474,776.874,3,5,5,92.8
981,0,0.993,6.08,0.537656786,0.5,4.699809571,0.086868704,0.001474,776.874,3,5,5,92.8
989,0,0.993,6.08,0.122619287,1,3.714842258,0.04780564,0.001474,296.147,2,3,4,49.3
990,0,0.993,6.08,0.122619287,1,3.714842258,0.04780564,0.001474,296.147,2,3,4,49.3
994,0.21,0.179,5.21,0.473069621,0.5,3.216138212,0.036020324,4.94e-05,776.874,3,5,5,92.8
998,0,0.993,6.08,0.415037499,-0.5,2.768987902,0.009464099,0.001474,250.201,2,5,2,57.5
999,0,0.993,6.08,0.415037499,-0.5,2.768987902,0.009464099,0.001474,250.201,2,5,2,57.5
1057,0,0.063,4.37,-0.326810316,-0.5,7.05061437,0.099200352,8.24e-06,278.312,0,4,5,75.5
1099,0.51,0.002,4.96,0.121306296,-0.5,6.839906067,0.2141663,1.65e-05,267.245,4,8,2,140
1116,0.02,0.998,6.03,-0.243925583,0.5,5.5713029,0.105920154,8.24e-06,356.44,1,5,7,93.6
1180,0,0.843,4.89,-0.600392541,0,3.445163276,0.013886657,8.24e-06,492.591,1,6,6,77.5
1181,0,0.938,4.89,-0.600392541,0,3.445163276,0.013886657,8.24e-06,492.591,1,6,6,77.5
1182,0,0.938,4.89,-0.600392541,0,3.445163276,0.013886657,8.24e-06,492.591,1,6,6,77.5
1183,0,0.843,4.89,-0.600392541,0,3.445163276,0.013886657,8.24e-06,492.591,1,6,6,77.5
1188,0,0.938,4.89,-0.425305835,-0.5,3.445163276,0.013886657,8.24e-06,492.591,1,6,6,77.5
1189,0,0.843,4.89,-0.425305835,-0.5,3.445163276,0.013886657,8.24e-06,492.591,1,6,6,77.5
1190,0,0.843,4.89,-0.425305835,-0.5,3.445163276,0.013886657,8.24e-06,492.591,1,6,6,77.5
1191,0,0.938,4.89,-0.425305835,-0.5,3.445163276,0.013886657,8.24e-06,492.591,1,6,6,77.5
1208,0,1,5.42,-0.287980763,0.5,7.00350498,0.319183159,8.24e-06,473.587,2,6,7,98.2
1209,0,1,5.42,-0.287980763,0.5,7.00350498,0.319183159,8.24e-06,473.587,2,6,7,98.2
1210,0,1,5.42,-0.287980763,0.5,7.00350498,0.319183159,8.24e-06,473.587,2,6,7,98.2
1211,0,1,5.42,0.168397532,0.5,7.00350498,0.319183159,8.24e-06,473.587,2,6,7,98.2
1212,0,1,5.42,0.168397532,0.5,7.00350498,0.319183159,8.24e-06,473.587,2,6,7,98.2
1213,0,1,5.42,0.168397532,0.5,7.00350498,0.319183159,8.24e-06,473.587,2,6,7,98.2
1214,0,1,5.42,-0.524420959,0.5,7.00350498,0.319183159,8.24e-06,473.587,2,6,7,98.2
1215,0,1,5.42,-0.524420959,0.5,7.00350498,0.319183159,8.24e-06,473.587,2,6,7,98.2
1216,0,1,5.42,-0.524420959,0.5,7.00350498,0.319183159,8.24e-06,473.587,2,6,7,98.2
1221,0.58,0.002,2.7,1.36923381,0,5.929444156,0.268493689,8.24e-05,473.587,2,6,7,98.2
1248,0,1,5.42,-0.783188611,-0.5,3.210667376,0.020161374,8.24e-06,272.388,2,2,0,40.5
1249,0,1,5.42,-0.783188611,-0.5,3.210667376,0.020161374,8.24e-06,272.388,2,2,0,40.5
1250,0,1,5.42,-0.783188611,-0.5,3.210667376,0.020161374,8.24e-06,272.388,2,2,0,40.5
1259,0.06,0.533,0.0645,0.112894056,0,6.692274725,0.127011736,8.24e-06,232.283,2,2,4,54.1
1274,0.58,0.002,2.7,0.239950793,0,6.930061327,0.14401763,8.24e-05,272.388,2,2,0,40.5
1279,0,1,5.42,-0.326810316,-0.5,3.210667376,0.020161374,8.24e-06,272.388,2,2,0,40.5
1280,0,1,5.42,-0.326810316,-0.5,3.210667376,0.020161374,8.24e-06,272.388,2,2,0,40.5
1281,0,1,5.42,-0.326810316,-0.5,3.210667376,0.020161374,8.24e-06,272.388,2,2,0,40.5
1294,0,1,5.42,-1.019628807,-0.5,3.210667376,0.020161374,8.24e-06,272.388,2,2,0,40.5
1295,0,1,5.42,-1.019628807,-0.5,3.210667376,0.020161374,8.24e-06,272.388,2,2,0,40.5
1296,0,1,5.42,-1.019628807,-0.5,3.210667376,0.020161374,8.24e-06,272.388,2,2,0,40.5
1298,0.01,0.998,4.23,0,1.5,2.837691668,0.036585914,8.24e-06,131.175,2,3,5,63.3
1299,0.01,0.998,4.23,0,1.5,2.837691668,0.036585914,8.24e-06,131.175,2,3,5,63.3
1300,0.02,0.749,4.23,0,1.5,2.837691668,0.036585914,8.24e-06,131.175,2,3,5,63.3
1301,0.02,0.749,4.23,0,1.5,2.837691668,0.036585914,8.24e-06,131.175,2,3,5,63.3
1339,0.58,0.002,2.7,0,0,3.600548153,0.05070232,8.24e-05,272.388,2,2,0,40.5
1361,0.02,0.116,4.67,-0.062735755,0.5,16.40618947,0.254387872,3.31e-05,645.608,14,19,9,321
1374,0.01,1,5.55,0.236440196,0,6.320049762,0.039897235,8.28e-06,207.226,5,6,3,104
1375,0.01,1,5.55,0.236440196,0,6.320049762,0.039897235,8.28e-06,207.226,5,6,3,104
1410,0,1,4.51,-0.783188611,-0.5,4.233129457,0.046682669,1.65e-05,130.078,2,3,0,58.2
1411,0,1,5.4,-0.783188611,-0.5,4.233129457,0.046682669,1.65e-05,130.078,2,3,0,58.2
1412,0,1,5.4,-0.783188611,-0.5,4.233129457,0.046682669,1.65e-05,130.078,2,3,0,58.2
1413,0,1,4.51,-0.783188611,-0.5,4.233129457,0.046682669,1.65e-05,130.078,2,3,0,58.2
1414,0,1,4.51,-0.783188611,-0.5,4.233129457,0.046682669,1.65e-05,130.078,2,3,0,58.2
1415,0,1,5.4,-0.783188611,-0.5,4.233129457,0.046682669,1.65e-05,130.078,2,3,0,58.2
1464,0,1,5.67,0.473069621,0.5,3.306510699,0.012435268,8.24e-06,393.443,1,7,11,74.7
1543,0.02,0.116,4.67,-0.062735755,0.5,3.516439961,0.010322099,3.31e-05,207.226,5,6,3,104
1550,0.1,0.685,5.38,-0.495207848,-1,2.996833329,0.004840795,6.62e-05,207.226,5,6,3,104
1562,0,1,5.67,0.473069621,0.5,3.595250895,0.028643667,8.24e-06,446.907,1,8,8,68.7
1607,0,1,4.54,-0.326810316,-0.5,6.517890303,0.117800854,4.12e-05,130.078,2,3,0,58.2
1611,0,1,4.51,-0.255257055,-1,4.233129457,0.046682669,1.65e-05,130.078,2,3,0,58.2
1612,0,1,4.51,-0.255257055,-1,4.233129457,0.046682669,1.65e-05,130.078,2,3,0,58.2
1613,0,1,4.51,-0.255257055,-1,4.233129457,0.046682669,1.65e-05,130.078,2,3,0,58.2
1614,0,1,5.4,-0.255257055,-1,4.233129457,0.046682669,1.65e-05,130.078,2,3,0,58.2
1615,0,1,5.4,-0.255257055,-1,4.233129457,0.046682669,1.65e-05,130.078,2,3,0,58.2
1616,0,1,5.4,-0.255257055,-1,4.233129457,0.046682669,1.65e-05,130.078,2,3,0,58.2
1678,0,0.827,2.19,0.473069621,0.5,8.147123235,0.231157718,8.24e-06,277.411,0,1,3,3.2
1679,0.62,0,-7.7,-0.239950793,0,7.699427511,0.209372297,0.0003295,277.411,0,1,3,3.2
1696,0.27,0.899,5.38,-0.69281849,0,3.573494228,0.018292312,8.24e-06,324.341,3,6,8,147
1721,0.12,0.023,-2.73,-0.362570079,0,7.619312896,0.205473821,0.0001565,277.411,0,1,3,3.2
1726,0.21,0.962,5.19,0.255257055,1,6.857094793,0.227469747,1.65e-05,430.374,2,9,5,116
1733,1,0.673,5.16,-0.239950793,0,4.077121656,0.049066516,8.24e-06,380.456,3,6,2,94.8
1742,1,0.673,5.16,-0.362570079,0,7.073848952,0.235249583,8.24e-06,430.374,2,9,5,116
1750,1,0.673,5.16,0.648156327,0,15.75064154,0.320625043,8.24e-06,288.431,1,2,0,37.3
1765,0.21,0.962,5.19,0.255257055,1,6.680817989,0.22043763,1.65e-05,430.374,2,9,5,116
1858,0,0.981,4.18,-0.648156327,0,7.44789722,0.172441148,1.65e-05,283.113,5,8,4,148
1901,0,0.996,5.11,-0.239950793,0,3.357444713,0.022748558,8.24e-06,488.607,1,7,8,118
1922,0,1,5.44,-1.129283017,0,3.269906879,0.020420398,0.000173,493.615,2,7,7,86.3
1934,0.01,0.857,5,-1,1,2.947625146,0.008274477,8.24e-06,493.615,2,7,7,86.3
1937,0.29,0.028,5,-0.239950793,0,7.854643276,0.193206631,1.65e-05,493.615,2,7,7,86.3
1955,0,0.998,4.44,-0.713286598,0,4.614269715,0.065661538,8.24e-06,488.607,1,7,8,118
1959,0.01,0.999,4.44,-0.239950793,0,3.973649582,0.043788231,8.24e-06,488.607,1,7,8,118
2031,0.01,0.968,4.28,-0.093109404,1,7.330693351,0.170511559,4.94e-05,272.09,5,8,4,153
2040,0.01,0.631,4.28,0.132637769,0,2.733368618,0.03581375,1.65e-05,283.113,5,8,4,148
2075,0,0.973,3.62,-0.624490865,-0.5,2.893139126,0.040443912,8.24e-06,283.113,5,8,4,148
2078,0.04,0.475,3.62,-0.783188611,-0.5,2.708957549,0.000780299,1.65e-05,235.069,6,8,4,161
2079,0.01,0.381,3.62,-0.326810316,-0.5,2.708957549,0.000780299,8.24e-06,235.069,6,8,4,161
2081,0.01,0.381,3.62,-0.326810316,-0.5,8.201020546,0.19426672,8.24e-06,283.113,5,8,4,148
2114,0,0.994,2.4,-0.341036918,-0.5,6.146873433,0.136932917,8.24e-06,272.09,5,8,4,153
2128,0.01,0.438,3.62,0.764371752,-0.5,4.98937441,0.10119297,8.24e-06,283.113,5,8,4,148
2135,0.02,0.764,4.34,-0.255257055,-1,4.563678341,0.026796309,8.24e-06,235.069,6,8,4,161
2139,0.36,0.289,4.34,-0.783188611,-0.5,6.474281813,0.146219742,1.65e-05,272.09,5,8,4,153
2201,0,0.964,0.51,-0.554588852,0,5.484890519,0.09397327,0.000132,314.469,0,2,1,34.1
2202,0.3,0.051,-3.14,-0.604862058,-0.5,5.421388106,0.091659262,1.65e-05,314.469,0,2,1,34.1
2203,0.02,0.41,0.535,-0.139274789,0.5,3.420761757,0.018757047,2.47e-05,314.469,0,2,1,34.1
2204,0.01,0.896,1.8,-0.394531844,-0.5,3.420761757,0.018757047,8.24e-06,314.469,0,2,1,34.1
2228,0.04,0.7,1.62,-0.302028537,0.5,4.482324397,0.128630835,8.24e-06,286.415,0,2,0,34.1
2229,0.02,0.559,1.62,0.047305715,0.5,4.482324397,0.128630835,8.24e-06,286.415,0,2,0,34.1
2243,0.1,0.021,-2.51,-0.239950793,0,5.960627568,0.085737627,0.000601,357.79,1,4,4,68.5
2316,0.01,0.038,-1.07,0.302028537,-0.5,7.249093047,0.124083254,8.24e-06,357.79,1,4,4,68.5
2351,0,1,1.75,0.491853096,0.5,4.404700444,0.039432155,1.65e-05,357.79,1,4,4,68.5
2352,0.01,0.992,2.67,0.183221824,-1.5,3.098015655,0.085343323,8.24e-06,286.415,0,2,0,34.1
2404,0.14,0.75,-3.76,-0.462343214,0,3.780147219,0.106673665,8.24e-06,286.415,0,2,0,34.1
2406,0,0.998,-0.237,-0.647698256,-0.5,7.396801741,0.219766915,1.65e-05,286.415,0,2,0,34.1
2427,0.01,0.66,1.65,-0.343484238,0,6.220758635,0.182991897,1.65e-05,286.415,0,2,0,34.1
2431,0,0.035,1.49,0.462343214,0,3.91121733,0.110772244,8.24e-06,286.415,0,2,0,34.1
2432,0.06,0.422,5.25,-0.415037499,0.5,6.372297074,0.132741496,8.24e-06,179.263,1,2,3,35.2
2471,0,1,2.67,0,-1.5,4.404700444,0.039432155,8.24e-06,357.79,1,4,4,68.5
2472,0.03,0.61,3.96,-0.349334252,0,6.288230435,0.11590958,8.24e-06,208.261,0,3,3,44.1
2476,1,0.002,-7.34,-0.239950793,0,6.048558671,0.051611367,0.000132,308.333,1,4,4,63.6
2480,0.01,0.932,3.38,0.243925583,0.5,5.044607814,0.035046837,8.24e-06,308.333,1,4,4,63.6
2543,0.77,0.004,2.59,-0.415037499,0.5,7.194110716,0.070512223,6.59e-05,308.333,1,4,4,63.6
2563,0.15,0.014,-0.162,-0.239950793,0,6.884210775,0.065399078,8.24e-06,308.333,1,4,4,63.6
2571,0.01,0.76,1.86,-0.302028537,0.5,3.360559031,0.007261138,8.24e-06,308.333,1,4,4,63.6
2596,0,0.997,3.78,0.390789953,0.5,3.360559031,0.007261138,8.24e-06,308.333,1,4,4,63.6
2618,0.02,0.963,2.15,-0.123735368,-0.5,7.788451964,0.232013868,7.41e-05,286.415,0,2,0,34.1
2620,0.31,0.017,-0.383,-0.604862058,-0.5,3.183329075,0.003083296,3.3e-05,357.79,1,4,4,68.5
2623,0,0.973,2.15,0.949726794,0,3.505871218,0.012682374,8.24e-06,357.79,1,4,4,68.5
2625,0,0.973,2.15,0.554588852,1.5,7.392114785,0.219620353,8.24e-06,286.415,0,2,0,34.1
2627,0.02,0.272,-4.3,-1.624490865,-1,5.873165671,0.17212262,8.24e-06,286.415,0,2,0,34.1
2628,0.01,0.443,0.0114,-0.376563351,-0.5,5.873165671,0.17212262,1.65e-05,286.415,0,2,0,34.1
2629,0.51,0.002,-4.3,-0.376563351,-0.5,5.02555002,0.05790907,2.47e-05,357.79,1,4,4,68.5
2631,0.06,0.065,2.03,-0.648156327,0,5.066683432,0.059133229,8.28e-06,357.79,1,4,4,68.5
2634,0.01,0.453,0.959,1.019628807,0.5,3.183329075,0.003083296,8.24e-06,357.79,1,4,4,68.5
2642,0.02,0.358,5.74,-0.256908303,0,7.724430659,0.178176531,8.24e-06,179.263,1,2,3,35.2
2712,0,0.993,1.72,0.308631272,2,6.091355678,0.178945449,1.65e-05,286.415,0,2,0,34.1
2737,0,0.996,2.95,-0.297680549,-1.5,5.505672075,0.094730544,8.24e-06,314.469,0,2,1,34.1
2748,0,0.999,2.95,-0.390789953,-0.5,5.505672075,0.094730544,1.65e-05,314.469,0,2,1,34.1
2769,0.41,0.224,3.87,-0.648156327,0,8.12467587,0.163705518,8.24e-06,208.261,0,3,3,44.1
2777,0.03,0,-0.0914,-0.122619287,-1,6.817538925,0.142534572,8.4e-06,314.469,0,2,1,34.1
2787,0.25,0,-0.0914,0.132637769,0,6.817538925,0.142534572,2.52e-05,314.469,0,2,1,34.1
2822,0.01,0.58,3.04,0.648156327,0,3.490843021,0.043103846,8.24e-06,208.261,0,3,3,44.1
2854,0,1,5.01,-0.650550842,0.5,3.795789905,0.051040495,8.24e-06,208.261,0,3,3,44.1
2856,0.42,0.016,-0.738,-1,1,3.372564158,0.021374887,8.24e-06,349.518,1,2,1,33.1
2868,0.39,0.002,-6.68,-0.36923381,0.5,3.792945162,0.014395225,1.65e-05,308.333,1,4,4,63.6
2902,0.03,0.952,3.34,-0.132637769,0,3.497091649,0.009513836,8.24e-06,308.333,1,4,4,63.6
2903,0,0.999,3.34,-0.670294555,-0.5,3.497091649,0.009513836,0.000124,308.333,1,4,4,63.6
2920,0.05,0.876,-6.3,-0.783188611,-0.5,4.613590901,0.073644614,2.47e-05,179.263,1,2,3,35.2
2924,0.25,0.001,-6.68,0,0,3.792945162,0.014395225,1.65e-05,308.333,1,4,4,63.6
2931,0.01,0.902,2.46,-0.473069621,-0.5,7.585456875,0.170517268,2.47e-05,314.469,0,2,1,34.1
2948,0,0.567,-3.06,0.239950793,0,4.062386614,0.05797903,1.65e-05,208.261,0,3,3,44.1
2949,0.02,0.066,2.94,0.462343214,0,6.836170712,0.130170455,8.24e-06,208.261,0,3,3,44.1
2957,0.41,0.003,-6.68,-0.415037499,0.5,3.792945162,0.014395225,1.65e-05,308.333,1,4,4,63.6
2959,0.01,0.813,1.43,0.462343214,0,5.627256347,0.044660155,8.24e-06,308.333,1,4,4,63.6
2960,0.59,0.002,-6.64,-0.183221824,0,6.139117363,0.053105526,1.65e-05,308.333,1,4,4,63.6
3034,0.01,0.682,4.13,-0.648156327,0,20.97437315,0.498060936,8.24e-06,508.638,5,8,9,189
3080,0.01,0.014,4.85,-0.473069621,-0.5,17.97065199,0.415124462,8.24e-06,508.638,5,8,9,189
3099,0,0.998,5.46,-0.349334252,0,6.769069138,0.105834839,1.65e-05,508.638,5,8,9,189
3101,0.01,0.987,5.24,0.123735368,0.5,6.981546104,0.111701592,8.24e-06,508.638,5,8,9,189
3117,0,1,5.34,-0.062735755,-0.5,5.019157499,0.057517604,0.000379,508.638,5,8,9,189
3122,0.06,0.294,3.28,-0.648156327,0,3.546715241,0.007054506,8.28e-06,303.135,1,4,6,63.6
3124,0.03,0.394,0.448,-0.717600269,-1,6.51804127,0.111489482,8.28e-06,303.135,1,4,6,63.6
3125,0.02,0.566,5.07,-0.783188611,-0.5,4.344165743,0.035082977,1e-05,303.135,1,4,6,63.6
3138,0,0.789,-2,-0.122619287,0,3.440599657,0.031665785,8.24e-06,454.447,5,12,9,211
3157,0.09,0.853,4.71,-0.783188611,-0.5,6.534302488,0.112061025,8.26e-06,303.135,1,4,6,63.6
3224,0.03,0.662,3.48,-0.326810316,-0.5,5.560341716,0.123809532,8.24e-06,454.447,5,12,9,211
3225,0.06,0.985,3.4,-0.062735755,-0.5,3.358857544,0.028112511,8.24e-06,454.447,5,12,9,211
3232,0.06,0.05,-6.79,-0.349334252,0,4.18321288,0.063946677,0.00203,454.447,5,12,9,211
3233,0.01,0.248,3.24,0,-1.5,6.825250252,0.178794246,8.24e-06,454.447,5,12,9,211
3238,0.02,0.993,-0.892,-0.783188611,-0.5,3.323267368,0.026565431,1.65e-05,454.447,5,12,9,211
3239,0.01,0.993,0.383,-0.783188611,-0.5,5.560341716,0.123809532,1.65e-05,454.447,5,12,9,211
3240,0.02,0.837,0.383,-1.624490865,-1,5.560341716,0.123809532,8.24e-06,454.447,5,12,9,211
3251,0,0.967,3.08,-0.9224634,0,3.028569794,0.013755127,8.24e-06,454.447,5,12,9,211
3256,0.08,0.02,1.8,0.395137942,0,6.671919889,0.172129079,8.24e-06,454.447,5,12,9,211
3258,0.08,0.955,4.68,0.349334252,0,2.991199258,0.012130656,2.47e-05,454.447,5,12,9,211
3287,0,1,5.75,-1.129283017,0,3.218764515,0.02727342,8.24e-06,900.16,3,13,6,195
3296,0.02,0.056,-0.976,0.071553261,-0.5,3.154676687,0.040802016,8.24e-06,163.191,3,4,3,67.4
3313,0.01,0.791,5.94,0.297680549,0,7.014302246,0.180919329,8.24e-06,163.191,3,4,3,67.4
3351,0.05,0.967,4.87,0.766800824,0.5,5.538311746,0.067308648,8.24e-06,227.085,0,9,5,165
3372,0,1,4.5,-0.118644496,-0.5,2.940239956,0.009396684,4.12e-05,227.085,0,9,5,165
3413,0.02,0.146,5.26,-1.624490865,-1,7.330473041,0.127056278,8.28e-06,171.24,2,3,3,63.3
3421,0.02,1,5.51,0.441269041,2,7.343260924,0.107541621,8.24e-06,227.085,0,9,5,165
3447,0.05,0.292,5.55,-0.473069621,-0.5,3.017088166,0.012711351,4.97e-05,171.24,2,3,3,63.3
3452,1,0.447,4.66,0.88810712,0,4.069006021,0.016253279,8.24e-06,398.482,3,4,7,77.2
3474,0,1,4.5,-0.064705689,-1.5,2.940239956,0.009396684,8.24e-06,227.085,0,9,5,165
3482,0,1,4.5,-0.766800824,-0.5,2.940239956,0.009396684,1.65e-05,227.085,0,9,5,165
3497,0,1,4.53,0.390789953,0.5,6.76295224,0.0293698,8.24e-06,398.482,3,4,7,77.2
3508,0.53,0.002,3.1,0,0,5.926173977,0.054181777,2.47e-05,300.442,1,2,5,37.3
3518,0,1,3.47,-0.648156327,0,4.391980988,0.017825808,8.24e-06,398.482,3,4,7,77.2
3521,0,0.999,5.26,-1.491853096,0,3.605240907,0.013995259,2.47e-05,398.482,3,4,7,77.2
3524,0.02,0.057,1.06,-0.326810316,-0.5,7.018388063,0.181067658,8.24e-06,163.191,3,4,3,67.4
3528,0,0.988,3.1,0.362570079,0,4.866851446,0.102959684,8.24e-06,163.191,3,4,3,67.4
3541,0,0.988,5.37,-0.239950793,0,5.833397466,0.119024756,8.24e-06,459.506,1,5,5,111
3575,0.01,0.442,-7.41,0,0,3.963532894,0.044373477,4.94e-05,459.506,1,5,5,111
3576,0,0.972,-1.69,-0.783188611,-0.5,7.252731623,0.175689346,3.3e-05,459.506,1,5,5,111
3589,0,0.999,4.95,-0.390789953,-0.5,6.278908663,0.13681106,7.41e-05,459.506,1,5,5,111
3608,0.1,0.014,2.5,-0.122619287,-1,7.496925103,0.169699441,8.24e-06,357.79,1,4,4,68.5
3609,0.05,0.917,3.01,-0.584962501,0,5.76650995,0.104704448,4.12e-05,357.79,1,4,4,68.5
3621,0.01,0.953,4.88,0.326810316,0.5,3.507313074,0.012078261,8.24e-06,225.208,3,4,4,115
3678,0.03,0.202,2.11,-0.648156327,0,4.518046813,0.024863814,1.65e-05,225.208,3,4,4,115
3692,0.29,0.001,2.42,0.175086707,-0.5,6.223580561,0.078771136,1.65e-05,133.194,1,1,1,26
3726,0.09,0.017,3.36,-0.415037499,0.5,6.527484125,0.08743315,8.24e-06,133.194,1,1,1,26
3738,0.73,0.014,4.88,0.222392421,0,7.45949442,0.168293532,2.47e-05,357.79,1,4,4,68.5
3739,0.18,0.39,5.79,-0.302028537,0.5,7.45949442,0.168293532,8.24e-06,357.79,1,4,4,68.5
3795,0.02,0.011,2.77,0.360175564,0.5,4.388585877,0.026469185,8.53e-06,133.194,1,1,1,26
3856,0,0.995,4.41,-0.376563351,-0.5,17.94497882,0.535454567,2.47e-05,398.482,3,4,7,77.2
3857,0,1,5.32,-0.783188611,-0.5,11.23976859,0.299133409,2.47e-05,398.482,3,4,7,77.2
3858,0,0.999,5.32,1.624490865,1,19.30009277,0.583214754,8.24e-06,398.482,3,4,7,77.2
3859,0,0.998,5.32,0.376563351,0.5,16.66541059,0.490356943,8.25e-06,398.482,3,4,7,77.2
3860,0,0.974,5.19,0.255257055,1,13.11150281,0.365101572,8.24e-06,398.482,3,4,7,77.2
3861,0,0.972,4.69,0.064705689,1.5,14.85725136,0.426629444,8.24e-06,398.482,3,4,7,77.2
3862,0,1,4.35,-0.783188611,-0.5,16.08532067,0.469912018,2.47e-05,398.482,3,4,7,77.2
3865,0.05,0.013,4.96,0.643065455,0,26.47643683,0.836140743,8.24e-06,398.482,3,4,7,77.2
3866,0,0.959,4.92,-0.376563351,-0.5,14.04194424,0.397894428,8.24e-06,398.482,3,4,7,77.2
3869,0,0.976,5.16,0.064705689,1.5,24.67754106,0.772739729,8.24e-06,398.482,3,4,7,77.2
3870,0.07,0.729,2.88,1.019628807,0.5,31.12566409,1,1.65e-05,398.482,3,4,7,77.2
3871,0,0.992,4.02,0.717600269,1,29.16650999,0.930950776,8.24e-06,398.482,3,4,7,77.2
3872,0,0.987,4.02,0.341036918,0.5,29.16650999,0.930950776,8.24e-06,398.482,3,4,7,77.2
3873,0.01,1,3.23,0.717600269,1,25.59243492,0.80498462,8.24e-06,398.482,3,4,7,77.2
3874,0,1,5.96,0.394531844,0.5,7.278608727,0.139643574,8.24e-06,286.415,0,2,0,34.1
3875,0,0.136,5.09,0.326810316,0.5,18.12814422,0.541910122,8.24e-06,398.482,3,4,7,77.2
3876,0,0.999,4.48,0.118644496,0.5,27.55407901,0.874121602,1.65e-05,398.482,3,4,7,77.2
3877,0.01,0.676,4.48,-0.624490865,-0.5,29.07457358,0.927710532,8.24e-06,398.482,3,4,7,77.2
3878,0.02,1,0.243,0.247927513,1.5,27.16916211,0.860555435,8.24e-06,398.482,3,4,7,77.2
3884,0,0.978,4.48,0.670294555,0.5,23.03452498,0.714832602,8.24e-06,398.482,3,4,7,77.2
3890,0.01,1,5.03,0.462343214,0,3.540188696,0.012304155,8.24e-06,258.31,1,6,3,119
3892,0,0.992,5.97,-0.604862058,-0.5,7.553989012,0.204049796,8.24e-06,222.237,2,7,2,152
3899,0,0.992,5.97,-0.604862058,-0.5,7.569943593,0.066850055,8.24e-06,258.31,1,6,3,119
3902,0.01,1,5.03,0.415037499,-0.5,2.799507457,0,8.24e-06,222.237,2,7,2,152
3933,0,1,5.25,-0.297680549,-1.5,5.443560875,0.194235719,1.66e-05,358.453,4,7,11,155
3955,0.02,1,5.25,-0.297680549,0,5.443560875,0.194235719,8.29e-06,358.453,4,7,11,155
4041,0,0.989,5.47,-0.158697746,1.5,10.3767545,0.437363111,4.94e-05,398.482,3,4,7,77.2
4045,0.01,0.166,5.46,-0.88810712,0,6.07568597,0.239195934,8.24e-06,398.482,3,4,7,77.2
4050,0,0.601,3.76,-0.527931556,0.5,7.709175442,0.314457231,1.65e-05,398.482,3,4,7,77.2
4051,0,0.854,3.76,0.441269041,2,6.977971983,0.280767806,8.24e-06,398.482,3,4,7,77.2
4059,0,0.987,4.85,-0.362570079,0,6.227095792,0.246171981,4.94e-05,398.482,3,4,7,77.2
4070,0,0.819,4.29,0.129283017,1,5.295713172,0.203259513,2.98e-05,398.482,3,4,7,77.2
4089,0,0.999,5.85,-0.462343214,0,4.554012956,0.097982896,8.24e-06,404.547,1,5,7,72.8
4118,0.03,0.892,3.51,-0.763765654,-1.5,5.42161037,0.071214096,5.77e-05,206.285,1,2,4,37.3
4119,0.53,0.679,3.51,-1.158903595,0,5.42161037,0.071214096,1.65e-05,206.285,1,2,4,37.3
4120,0.35,0.024,-6.75,0.122619287,0,4.369853544,0.041472647,8.24e-06,206.285,1,2,4,37.3
4149,0,0.999,5.43,-0.713286598,0,3.434762437,0.119249192,2.49e-05,358.453,4,7,11,155
4176,0.03,0.97,3.23,1.297680549,0.5,3.977695941,0.030383262,8.24e-06,206.285,1,2,4,37.3
4213,0.09,0.277,4.04,-0.537656786,-0.5,7.353531533,0.125844725,1.65e-05,206.285,1,2,4,37.3
4237,0.04,0.046,1.03,-0.360175564,-0.5,7.013567209,0.116231256,3.3e-05,206.285,1,2,4,37.3
4238,0,0.924,3.65,-0.276331228,1,5.122541947,0.062757076,8.24e-06,206.285,1,2,4,37.3
4239,0,0.993,3.76,1.019628807,0.5,5.539613705,0.07455098,8.24e-06,206.285,1,2,4,37.3
4257,0.47,0.023,5.28,-0.395137942,0,7.100789815,0.256098493,8.25e-06,358.453,4,7,11,155
4259,0.19,0.932,5.28,-0.395137942,0,3.952439753,0.138573591,4.12e-05,358.453,4,7,11,155
4298,0,0.995,5.12,-0.783188611,-0.5,2.872287416,0.098252536,2.48e-05,358.453,4,7,11,155
4351,0,1,5.7,0.88810712,0,7.729797798,0.069013807,8.24e-06,258.31,1,6,3,119
4368,0.37,0.367,4.54,-0.308631272,-1,3.984069277,0.018312428,8.24e-06,258.31,1,6,3,119
4431,0,0.874,5.47,0.394531844,0.5,12.61898558,0.540671533,1.65e-05,398.482,3,4,7,77.2
4483,0,1,5.64,0.604862058,0.5,3.004088048,0.103172528,1.65e-05,358.453,4,7,11,155
4500,0.01,0.612,1.01,-0.624490865,-2,2.903242498,0,8.24e-06,206.285,1,2,4,37.3
4536,0.89,0.006,1.03,0,0,3.134771762,0.007990716,8.24e-06,440.599,3,7,14,113
4594,0.15,0.113,0.489,-0.648156327,0,5.278944781,0.19855598,1.66e-05,272.388,2,2,0,40.5
4595,0.15,0.113,0.489,-0.648156327,0,3.699185586,0.038927432,1.66e-05,272.388,2,2,0,40.5
4634,0.07,0.052,1.88,-0.239950793,0,4.725997567,0.176575794,8.25e-06,272.388,2,2,0,40.5
4635,0.07,0.052,1.88,-0.239950793,0,5.51683324,0.097098034,8.25e-06,272.388,2,2,0,40.5
4807,1,0.001,0.0434,-0.395137942,0,6.369301767,0.121203148,1.65e-05,405.495,4,7,12,13
4867,0,1,5.67,-0.139274789,0.5,6.10793664,0.112895974,3.3e-05,405.495,4,7,12,13
4870,0.01,0.781,5.67,-0.395137942,0,6.980549119,0.140630905,1.65e-05,405.495,4,7,12,13
4892,0.57,0.006,3.89,-0.648156327,0,7.301949397,0.229071327,8.24e-06,650.977,3,5,5,92.8
4893,0.01,0.994,4.97,-0.48112669,0,5.946913317,0.178335773,8.24e-06,650.977,3,5,5,92.8
4952,0.21,0.454,4.74,-0.239950793,0,3.591914949,0.090159413,1.65e-05,650.977,3,5,5,92.8
4985,0.03,1,4.94,0.308631272,2,2.959817055,0.096586514,8.24e-06,169.18,4,4,2,86.7
4986,0.02,1,4.94,0.064705689,1.5,2.959817055,0.096586514,8.24e-06,169.18,4,4,2,86.7
5012,0.01,1,4.7,-0.841302254,-0.5,6.03178738,0.113578231,1.65e-05,272.388,2,2,0,40.5
5013,0.01,1,4.7,-0.841302254,-0.5,5.50935332,0.207714942,1.65e-05,272.388,2,2,0,40.5
5014,0,0.856,3.58,-0.395137942,0,4.539354139,0.065815542,8.24e-06,272.388,2,2,0,40.5
5016,0,0.856,3.58,-0.395137942,0,3.869475029,0.142528196,8.24e-06,272.388,2,2,0,40.5
5020,0,0.996,4.27,1.624490865,1,7.514463587,0.287420012,8.24e-06,272.388,2,2,0,40.5
5043,0.02,0.63,4.43,-0.648156327,0,6.427299977,0.244204209,8.24e-06,272.388,2,2,0,40.5
5048,0.04,1,4.27,1.624490865,1,3.179613027,0.022299431,8.24e-06,272.388,2,2,0,40.5
5049,0.04,1,4.27,1.624490865,1,3.469409172,0.126625192,8.24e-06,272.388,2,2,0,40.5
5050,0.45,0.086,-8.55,0.239950793,0,3.293060279,0.02593011,2.47e-05,272.388,2,2,0,40.5
5056,0.81,1,4.94,-0.122619287,0,3.469162003,0.117028332,8.24e-06,169.18,4,4,2,86.7
5084,0,1,4.9,-0.9224634,0,8.010256488,0.299278545,2.47e-05,169.18,4,4,2,86.7
5101,0.68,0.006,0.0434,-0.04580369,0,6.369301767,0.121203148,8.24e-06,405.495,4,7,12,13
5178,0,0.999,3.62,0.256908303,0,3.469778523,0.08982651,1.65e-05,324.428,2,7,3,151
5193,0,1,5.54,-0.394531844,-0.5,3.826227123,0.100675299,8.24e-06,324.428,2,7,3,151
5194,0,0.916,5.54,-0.648156327,0,5.436870699,0.149696484,8.24e-06,324.428,2,7,3,151
5196,0,0.999,4.51,0.390789953,0.5,4.52140476,0.121833569,8.24e-06,324.428,2,7,3,151
5210,0,0.992,4.56,1.624490865,1,2.819929432,0.070047849,2.47e-05,324.428,2,7,3,151
5234,0.01,0.987,4.19,0.256908303,0,3.02526346,0.043821487,8.24e-06,405.495,4,7,12,13
5252,0,1,4.21,0.376563351,0.5,3.042300117,0.044283257,0.000626,405.495,4,7,12,13
5284,0,1,5.7,-0.713286598,0,2.751115047,0.036390825,1.65e-05,405.495,4,7,12,13
5295,0,1,4.9,-0.713286598,0,3.202150059,0.048615913,2.47e-05,405.495,4,7,12,13
5331,0,1,4.7,-0.88810712,0,3.515847124,0.054094332,3.3e-05,272.388,2,2,0,40.5
5332,0,1,2.67,0.255257055,1,3.515847124,0.054094332,8.24e-06,272.388,2,2,0,40.5
5333,0.07,0.188,1.33,-0.239950793,0,3.951826287,0.075005377,8.24e-06,272.388,2,2,0,40.5
5337,0.06,0.208,2.31,-0.537656786,0.5,5.22633581,0.08487536,6.59e-05,405.495,4,7,12,13
5355,0.14,0.247,4.41,0.473069621,0.5,2.91696109,0.011474682,1.65e-05,405.495,4,7,12,13
5381,0.38,0.002,-7.79,-0.139274789,0.5,4.410571051,0.097008337,8.24e-06,272.388,2,2,0,40.5
5386,0.01,0.544,4.06,-0.121306296,0.5,4.446508181,0.098732004,1.65e-05,272.388,2,2,0,40.5
5390,0.16,0.208,2.85,-0.349334252,0,5.440273614,0.146396377,8.24e-06,272.388,2,2,0,40.5
5396,0.49,0,-6.4,-0.473069621,-0.5,4.401955702,0.096595116,8.24e-06,272.388,2,2,0,40.5
5514,0,0.707,5.28,0.308631272,2,2.695249339,0.004427843,8.24e-06,405.495,4,7,12,13
5532,0,0.967,5.39,0.51887331,-1,2.91696109,0.011474682,8.24e-06,405.495,4,7,12,13
5535,0.06,0.653,4.76,-0.255257055,-1,5.108333779,0.081124808,4.12e-05,405.495,4,7,12,13
5537,0,1,0.359,-0.308631272,-2,2.934096113,0.012019298,8.24e-06,405.495,4,7,12,13
5566,0,1,3.63,-0.713286598,0,5.335329793,0.146606008,3.3e-05,324.428,2,7,3,151
5591,0,0.992,3.61,-0.783188611,-0.5,3.024117392,0,8.24e-06,128.936,1,2,1,37.3
5603,0,1,3.63,-0.256908303,0,5.335329793,0.146606008,1.65e-05,324.428,2,7,3,151
5700,0.04,0.986,5.98,1,-1,19.4567605,0.593050601,1.65e-05,776.874,3,5,5,92.8
5701,0.01,0.666,5.98,0.48112669,0,19.4567605,0.593050601,1.65e-05,776.874,3,5,5,92.8
5702,1,0.007,-2.69,0.949726794,0,7.435071688,0.186665429,8.24e-06,300.442,1,2,5,37.3
5703,1,0.007,-2.69,0.949726794,0,7.865714208,0.179703137,8.24e-06,776.874,3,5,5,92.8
5709,0.06,0,4.64,-0.255257055,-1,4.960487174,0.187198034,8.49e-06,458.489,4,8,9,177
5710,0.06,0,4.64,-0.255257055,-1,5.759407174,0.119466761,8.49e-06,458.489,4,8,9,177
5722,1,0.001,1.46,0.395137942,0,12.25911767,0.33637598,3.3e-05,776.874,3,5,5,92.8
5723,0,0.988,5.59,0.239950793,0,4.622537182,0.173376518,8.24e-06,458.489,4,8,9,177
5724,1,0.005,1.7,0,0,18.41483915,0.555894719,8.24e-06,776.874,3,5,5,92.8
5727,0.16,0.031,5.98,-0.51887331,1,20.7940534,0.640739707,1.65e-05,776.874,3,5,5,92.8
5729,0.08,0.815,5.98,0.604862058,0.5,19.4567605,0.593050601,1.65e-05,776.874,3,5,5,92.8
5732,0.07,0.063,4.38,-0.473069621,-0.5,16.81924957,0.498994514,8.24e-06,776.874,3,5,5,92.8
5736,0.62,0.822,5.71,-0.415037499,0.5,5.836126198,0.131435841,8.24e-06,300.442,1,2,5,37.3
5737,0,1,5.71,1,-1,8.719456176,0.210148368,8.24e-06,776.874,3,5,5,92.8
5738,0,1,5.71,1,-1,8.971275606,0.239727844,8.24e-06,300.442,1,2,5,37.3
5740,0.77,0.002,1.94,-0.239950793,0,12.37911313,0.34065513,1.65e-05,776.874,3,5,5,92.8
5743,0.03,0.138,2.03,-0.122619287,-1,22.50402733,0.701718963,8.24e-06,776.874,3,5,5,92.8
5746,0.17,0.004,3.1,-0.604862058,-0.5,12.25911767,0.33637598,8.24e-06,776.874,3,5,5,92.8
5747,0.62,0.822,5.71,-0.415037499,0.5,5.416797947,0.092372511,8.24e-06,776.874,3,5,5,92.8
5748,0,0.988,5.59,0.239950793,0,6.36608938,0.143797009,8.24e-06,458.489,4,8,9,177
5749,0.4,0.012,-4.83,0.473069621,0.5,20.47592706,0.629395026,8.24e-06,776.874,3,5,5,92.8
5751,0.21,0.179,5.21,0.473069621,0.5,3.920175251,0.039001558,4.94e-05,776.874,3,5,5,92.8
5756,0.13,0.001,-12.2,-0.183221824,0,2.030942146,0,1.65e-05,300.442,1,2,5,37.3
5759,0,0.999,5.98,-0.783188611,-0.5,14.37547335,0.411847187,3.3e-05,776.874,3,5,5,92.8
5763,0,0.966,4.18,-0.783188611,-0.5,6.893240892,0.167949912,4.12e-05,300.442,1,2,5,37.3
5765,0.03,0.574,5.98,-0.415037499,0.5,6.815270941,0.142243356,8.24e-06,776.874,3,5,5,92.8
5766,0.03,0.574,5.98,-0.415037499,0.5,6.481130997,0.153715118,8.24e-06,300.442,1,2,5,37.3
5767,0,0.966,4.18,-0.783188611,-0.5,10.68337653,0.280183589,4.12e-05,776.874,3,5,5,92.8
5771,0,0.998,6.08,-0.256908303,0,7.12789955,0.153391982,8.24e-06,776.874,3,5,5,92.8
5772,0,0.998,6.08,-0.256908303,0,6.212466016,0.144435092,8.24e-06,300.442,1,2,5,37.3
5773,0,0.998,6.08,-0.071553261,0.5,6.379639645,0.141463234,8.24e-06,296.147,2,3,4,49.3
5774,0.25,0.731,4.9,0.349334252,0,3.860172405,0.036861801,8.24e-06,776.874,3,5,5,92.8
5775,0.25,0.731,4.9,0.349334252,0,3.78402352,0.060553635,8.24e-06,300.442,1,2,5,37.3
5776,0.25,0.731,4.9,0.473069621,0.5,3.366628729,0.035567246,8.24e-06,296.147,2,3,4,49.3
5835,0,0.98,4.67,0.297680549,1.5,14.04458778,0.400047501,2.47e-05,776.874,3,5,5,92.8
5838,0,0.919,5.47,-0.243925583,-0.5,15.84957428,0.464414994,8.24e-06,776.874,3,5,5,92.8
5841,0,0.999,5.54,-0.713286598,0,16.68254519,0.494119509,8.24e-06,776.874,3,5,5,92.8
5846,0.16,0.007,-1.08,-0.183221824,0,22.04610644,0.685389079,8.24e-06,776.874,3,5,5,92.8
5860,0,0.476,4.59,-0.69281849,0,6.468079004,0.147887178,8.24e-06,458.489,4,8,9,177
5871,0,0.995,-5.53,0.36923381,-0.5,3.902241151,0.044987392,8.24e-06,458.489,4,8,9,177
5875,0,0.165,5.9,0,0,3.406148999,0.12362854,8.24e-06,458.489,4,8,9,177
5877,0.04,0.008,5.9,-0.053938807,1,6.613008468,0.254783033,8.24e-06,458.489,4,8,9,177
5886,0.06,0.058,5.18,0.239950793,0,6.627150217,0.211496021,8.24e-06,427.417,6,6,9,187
5913,0.01,0.999,3.27,-0.717600269,-1,2.937804282,0.014024276,0.000215,179.172,5,6,1,116
5930,0,0.995,4.07,-1.763765654,-0.5,3.56195466,0.03647855,3.32e-05,179.172,5,6,1,116
5932,0.01,0.992,2.99,-0.326810316,-0.5,6.5963239,0.145642242,1.67e-05,179.172,5,6,1,116
5953,0,0.784,4.37,-0.326810316,-0.5,7.05061437,0.099200352,8.24e-06,278.312,0,4,5,75.5
5955,0.01,0.923,1.82,-0.783188611,-0.5,7.05061437,0.099200352,8.24e-06,278.312,0,4,5,75.5
5956,0,0.959,4.37,-0.04580369,0,3.314011165,0.000716236,0.000115,278.312,0,4,5,75.5
5966,0.05,0.877,1.98,-1.019628807,-0.5,5.173889349,0.0944691,8.24e-06,179.172,5,6,1,116
6038,0.01,0.472,-0.648,0.462343214,0,3.637193561,0.026636783,5.78e-05,46.069,1,1,0,20.2
6046,0,0.172,0.309,0.239950793,0,6.856267498,0.120863673,8.24e-06,46.069,1,1,0,20.2
6054,0.06,0.003,-0.464,-0.255257055,-1,2.727200946,0,8.25e-06,46.069,1,1,0,20.2
6061,0.06,0.015,1.6,-0.604862058,-0.5,4.043238677,0.038522303,8.24e-06,46.069,1,1,0,20.2
6063,0,0.999,-1.85,-0.783188611,-0.5,6.798575807,0.119174955,6.59e-05,46.069,1,1,0,20.2
6064,0.01,0.999,1.14,-0.326810316,-0.5,6.798575807,0.119174955,2.47e-05,46.069,1,1,0,20.2
6081,0.03,1,1.27,-0.462343214,0,7.125227575,0.128736519,1.65e-05,46.069,1,1,0,20.2
6100,0,0.989,5.38,-0.302028537,0.5,5.78417332,0.085789542,8.24e-06,255.31,2,6,3,122
6101,0.05,0.749,2.61,-0.239950793,0,7.234749616,0.125824109,8.24e-06,255.31,2,6,3,122
6102,0.02,0.397,4.72,0.648156327,0,34.00691343,0.864711113,8.24e-06,255.31,2,6,3,122
6103,0,0.975,4.72,0.139274789,-0.5,8.65552315,0.165036146,0.000371,255.31,2,6,3,122
6126,0.02,0.817,4.3,-0.713286598,0,3.254367681,0.009024238,1.65e-05,198.269,1,2,0,38.9
6131,0.03,0.493,4.6,0,0,6.102448443,0.085043028,8.24e-06,198.269,1,2,0,38.9
6184,0,0.982,5.29,-0.713286598,0,2.68609903,0.167070396,8.24e-06,900.16,3,13,6,195
6202,0,1,5.5,-0.841302254,-0.5,10.28212415,0.209928832,1.65e-05,255.31,2,6,3,122
6204,0,0.948,5,-0.702095134,1,5.597592786,0.090397874,8.24e-06,359.444,1,6,8,96.3
6209,0.54,0.001,3.01,0.239950793,0,15.51532768,0.386461771,1.65e-05,359.444,1,6,8,96.3
6210,0,0.938,4.82,0.256908303,0,4.853599592,0.068188214,8.24e-06,359.444,1,6,8,96.3
6211,0,0.985,4.91,0.239950793,0,18.60358723,0.478652394,8.24e-06,359.444,1,6,8,96.3
6250,0.01,0.324,1.55,-0.415037499,0.5,7.926280149,0.133723347,8.24e-06,198.269,1,2,0,38.9
6254,0,0.268,-11.6,0.415037499,-0.5,14.71413001,0.314899435,2.47e-05,198.269,1,2,0,38.9
6258,0,0.999,5.79,-0.650550842,0.5,14.3228678,0.304456164,8.24e-06,198.269,1,2,0,38.9
6278,0,0.878,5.23,-0.713286598,0,4.552136861,0.043663299,1.65e-05,198.269,1,2,0,38.9
6290,0,1,5.98,-0.139274789,0.5,3.743749591,0.022086445,8.24e-06,198.269,1,2,0,38.9
6358,0.01,0.991,3.3,0.239950793,0,4.753005786,0.055511834,9.58e-06,180.167,1,3,0,69.3
6380,0.09,0.189,4.57,-0.9224634,0,7.844651299,0.142215533,8.24e-06,180.167,1,3,0,69.3
6420,0.29,0.925,6.13,0.049753035,0,6.389711809,0.135907308,8.24e-06,356.44,1,5,7,93.6
6424,0.82,0.004,6.13,-0.524420959,0.5,6.735820143,0.148588993,8.24e-06,356.44,1,5,7,93.6
6429,0,0.992,6.03,-0.764371752,0.5,5.6539526,0.108948505,8.24e-06,356.44,1,5,7,93.6
6434,0,0.995,6.03,-0.764371752,0.5,3.570631457,0.032613959,8.24e-06,356.44,1,5,7,93.6
6456,0.13,0.011,-0.00713,0,0,3.121848491,0.018338328,8.24e-06,46.069,1,1,0,20.2
6470,0.18,0.569,4.34,-0.524420959,0.5,7.870854464,0.059297076,8.24e-06,198.269,1,2,0,38.9
6505,0.04,0.987,3.49,1,-1,5.738269687,0.095590783,1.65e-05,46.069,1,1,0,20.2
6510,0.03,0.972,1.34,-0.783188611,-0.5,4.222837198,0.056543976,2.47e-05,308.333,1,4,4,63.6
6511,0.15,0.161,3.08,-0.9224634,0,3.646534108,0.045707767,8.24e-06,308.333,1,4,4,63.6
6512,0,0.996,5.93,1,0.5,3.623516524,0.011671134,8.24e-06,398.482,3,4,7,77.2
6518,0.04,1,5.83,-0.376563351,-0.5,4.193243852,0.058325621,2.47e-05,263.201,3,6,2,108
6526,0.02,0.984,5.83,-0.122619287,0,4.271383265,0.06116158,8.24e-06,263.201,3,6,2,108
6527,0,1,5.83,-0.604862058,-0.5,5.008130689,0.087900777,8.24e-06,263.201,3,6,2,108
6555,0.05,0.005,3.5,-0.112894056,0,2.313365081,0,1.65e-05,416.576,0,5,2,85.7
6569,0.15,0.599,6.04,-0.122619287,-1,4.447249712,0.022590597,8.24e-06,398.482,3,4,7,77.2
6573,0.46,0.089,5.92,-1.36923381,0,5.554651204,0.082904013,8.24e-06,416.576,0,5,2,85.7
6606,0,1,3.68,-0.376563351,-0.5,5.206868157,0.09511367,8.24e-06,263.201,3,6,2,108
6607,0,1,4.49,0.139274789,-0.5,5.206868157,0.09511367,2.47e-05,263.201,3,6,2,108
6630,0,0.995,5.41,-0.415037499,0.5,5.543212516,0.107320809,8.24e-06,263.201,3,6,2,108
6643,0.36,0.029,-0.877,-0.053938807,1,5.340238291,0.060450988,8.24e-06,248.714,2,4,2,77.8
6644,0.01,0.774,4.44,-0.04580369,1.5,3.66658056,0.0228474,4.12e-05,248.714,2,4,2,77.8
6665,0,0.843,4.89,-0.425305835,-0.5,3.445163276,0.013886657,8.24e-06,492.591,1,6,6,77.5
6666,0,0.938,4.89,-0.600392541,0,3.445163276,0.013886657,8.24e-06,492.591,1,6,6,77.5
6667,0,0.976,-3.15,0.069902013,0.5,3.591057922,0.016110191,8.24e-06,492.591,1,6,6,77.5
6680,0.44,0.002,-8.46,0.395137942,0,7.139958683,0.10088694,8.24e-06,248.714,2,4,2,77.8
6720,0.07,0.008,3.97,0.239950793,0,3.090698788,0.060059858,0.000272,558.65,4,6,12,112
6773,0,0.999,5.95,0.132637769,0,6.976059274,0.097204463,8.24e-06,248.714,2,4,2,77.8
6799,0.25,0.558,2.94,-0.118644496,-0.5,5.940897996,0.051923351,8.24e-06,492.591,1,6,6,77.5
6804,0.03,0.558,3.7,-0.648156327,0,3.325470192,0.012062453,2.47e-05,492.591,1,6,6,77.5
6830,0.13,0.014,-1.22,-0.276331228,1,7.323810074,0.105017696,8.24e-06,248.714,2,4,2,77.8
6846,0.03,0.025,0.925,0,0,5.969661464,0.07459281,8.24e-06,248.714,2,4,2,77.8
6855,0.15,0.098,5.74,-0.554588852,0,7.011672126,0.22694546,1.66e-05,339.391,0,5,6,49.8
6876,0.01,0.841,5.81,0.129283017,1,6.66997054,0.09032729,8.24e-06,248.714,2,4,2,77.8
6896,0.54,0.002,2.21,-0.51887331,1,5.343477239,0.06052376,1.65e-05,248.714,2,4,2,77.8
6909,0.58,0.002,2.7,0,0,3.600548153,0.05070232,8.24e-05,272.388,2,2,0,40.5
6913,0,1,5.42,-1.019628807,-0.5,3.210667376,0.020161374,8.24e-06,272.388,2,2,0,40.5
6917,0.58,0.002,2.7,0.239950793,0,6.930061327,0.14401763,8.24e-05,272.388,2,2,0,40.5
6918,0,0.473,5.42,0.604862058,0.5,5.929444156,0.268493689,8.24e-06,473.587,2,6,7,98.2
6919,0.58,0.002,2.7,1.36923381,0,5.929444156,0.268493689,8.24e-05,473.587,2,6,7,98.2
6921,0,1,5.42,-1.019628807,-0.5,2.727567598,0.00620514,8.24e-06,272.388,2,2,0,40.5
6930,0.81,0.192,2.7,0,0,3.920729779,0.173693967,8.24e-05,473.587,2,6,7,98.2
6933,0.1,0.119,-10,-0.276331228,1,6.174676834,0.108020399,8.24e-06,493.615,2,7,7,86.3
6943,0,0.968,4.66,0.425305835,0.5,5.412104489,0.086998191,8.24e-06,493.615,2,7,7,86.3
6949,0.04,0.619,4.66,-0.886991038,0.5,7.307141028,0.139239598,8.24e-06,493.615,2,7,7,86.3
6961,0,0.966,4.96,-0.69281849,0,3.094714203,0.014303754,8.24e-06,532.571,1,8,6,65.8
6965,0.28,0.159,2.52,0.415037499,-0.5,5.433516909,0.087588478,1.65e-05,493.615,2,7,7,86.3
6986,0.42,0.004,2.88,0.047305715,0.5,6.686699784,0.122135588,8.24e-06,493.615,2,7,7,86.3
7006,0,0.996,5.38,-0.36923381,0.5,3.170637475,0.13829394,8.24e-06,473.587,2,6,7,98.2
7010,0.07,0.11,5.31,0.764371752,-0.5,7.285135208,0.33247448,8.24e-06,473.587,2,6,7,98.2
7011,0.14,0.016,5.31,0,0,6.363379448,0.28897293,8.24e-06,473.587,2,6,7,98.2
7013,0.09,0.622,4,-0.302028537,0.5,4.740461897,0.162972097,8.24e-06,131.175,2,3,5,63.3
7014,0.07,0.11,5.31,0,0,5.916522205,0.106061144,8.24e-06,272.388,2,2,0,40.5
7035,0.28,0.574,5.31,-0.194172548,-0.5,5.275235824,0.237618833,8.24e-06,473.587,2,6,7,98.2
7055,0.01,0.99,5.31,0,-1.5,8.419148769,0.184684144,8.24e-06,272.388,2,2,0,40.5
7076,0.23,0.091,4.27,0.239950793,0,7.00350498,0.319183159,8.24e-06,473.587,2,6,7,98.2
7077,0.25,0.037,4.19,0,0,3.506800964,0.030519969,8.24e-06,272.388,2,2,0,40.5
7078,0.04,0.147,0.725,-0.376563351,-0.5,3.022480107,0.131301768,8.24e-06,473.587,2,6,7,98.2
7079,0.09,0.011,4.27,-0.255257055,-1,3.022480107,0.131301768,8.24e-06,473.587,2,6,7,98.2
7085,0.82,0.005,4.27,-0.495207848,-1,3.022480107,0.131301768,8.24e-06,473.587,2,6,7,98.2
7101,0,0.996,5.38,-0.491853096,0.5,6.339078876,0.140410713,8.24e-06,272.388,2,2,0,40.5
7102,0.25,0.037,4.19,0.186011986,1,11.70542754,0.54108676,8.24e-06,473.587,2,6,7,98.2
7103,0,1,5.42,-0.524420959,0.5,7.00350498,0.319183159,8.24e-06,473.587,2,6,7,98.2
7106,0.52,0.091,4.27,0,0,7.00350498,0.319183159,8.24e-06,473.587,2,6,7,98.2
7114,0,0.945,1.3,0,0,3.689950677,0.036156252,5.77e-05,532.571,1,8,6,65.8
7115,0,0.998,1.3,0,0,3.689950677,0.036156252,5.77e-05,532.571,1,8,6,65.8
7116,0,0.945,1.3,0,0,3.689950677,0.036156252,5.77e-05,532.571,1,8,6,65.8
7117,0,0.945,1.3,0,0,3.689950677,0.036156252,8.24e-06,532.571,1,8,6,65.8
7118,0,0.998,1.3,0,0,3.689950677,0.036156252,5.77e-05,532.571,1,8,6,65.8
7119,0,0.998,1.3,0,0,3.689950677,0.036156252,8.24e-06,532.571,1,8,6,65.8
7120,0,0.945,1.3,0,0,3.689950677,0.036156252,5.77e-05,532.571,1,8,6,65.8
7121,0,0.945,1.3,0,0,3.689950677,0.036156252,8.24e-06,532.571,1,8,6,65.8
7122,0,0.945,1.3,0,0,3.689950677,0.036156252,5.77e-05,532.571,1,8,6,65.8
7123,0,0.945,1.3,0,0,3.689950677,0.036156252,8.24e-06,532.571,1,8,6,65.8
7124,0,0.945,1.3,0,0,3.689950677,0.036156252,5.77e-05,532.571,1,8,6,65.8
7125,0,0.945,1.3,0,0,3.689950677,0.036156252,8.24e-06,532.571,1,8,6,65.8
7126,0,0.998,1.3,0,0,3.689950677,0.036156252,8.24e-06,532.571,1,8,6,65.8
7127,0,0.998,1.3,0,0,3.689950677,0.036156252,5.77e-05,532.571,1,8,6,65.8
7128,0,0.945,1.3,0,0,3.689950677,0.036156252,8.24e-06,532.571,1,8,6,65.8
7129,0,0.945,1.3,0,0,3.689950677,0.036156252,8.24e-06,532.571,1,8,6,65.8
7130,0,0.998,1.3,0,0,3.689950677,0.036156252,8.24e-06,532.571,1,8,6,65.8
7131,0,0.945,1.3,0,0,3.689950677,0.036156252,5.77e-05,532.571,1,8,6,65.8
7135,0.37,0.811,5.66,-0.88810712,0,7.963253669,0.364477757,8.24e-06,473.587,2,6,7,98.2
7140,0.04,0.363,5.38,-0.129283017,0.5,6.254073632,0.283814326,8.24e-06,473.587,2,6,7,98.2
7145,0.15,0.023,-8.25,0.462343214,0,9.545694998,0.439159852,8.24e-06,473.587,2,6,7,98.2
7146,0.15,0.023,-8.25,0,0,7.844152599,0.174456976,8.24e-06,272.388,2,2,0,40.5
7153,0,0.993,4.96,-0.168397532,-0.5,3.094714203,0.014303754,8.24e-06,532.571,1,8,6,65.8
7157,0,0.513,5.39,-0.415037499,0.5,3.588131129,0.032418223,8.24e-06,532.571,1,8,6,65.8
7176,0,1,5.11,-0.9224634,0,3.356096095,0.062929829,8.24e-06,131.175,2,3,5,63.3
7182,0.07,0.457,5.11,-0.670294555,-0.5,2.706663444,0.029927413,8.24e-06,131.175,2,3,5,63.3
7183,0,0.706,5.39,-0.415037499,0.5,3.859880179,0.042394755,8.24e-06,532.571,1,8,6,65.8
7184,0,0.833,-5.49,-1.019628807,-0.5,2.706663444,0.029927413,0.000511,131.175,2,3,5,63.3
7185,0,0.833,-5.49,-1.019628807,-0.5,2.706663444,0.029927413,1.65e-05,131.175,2,3,5,63.3
7190,0.01,0.4,-0.54,-0.049753035,0,11.42309078,0.610710771,1.65e-05,131.175,2,3,5,63.3
7192,0,0.999,5.39,0.394531844,0.5,3.457700681,0.027629822,1.65e-05,532.571,1,8,6,65.8
7250,0,0.879,3.71,0.48112669,0,7.854239938,0.176270514,8.26e-06,267.245,4,8,2,140
7310,0.07,0.999,4.27,0.841302254,0.5,6.697343653,0.340020904,8.24e-06,151.165,2,2,1,49.3
7312,0,0.989,5.36,-0.394531844,-0.5,6.758583136,0.344292957,8.24e-06,151.165,2,2,1,49.3
7326,0.24,0.691,3.4,-0.186011986,-1,7.971127586,0.180142647,8.24e-06,267.245,4,8,2,140
7329,0,0.981,4.28,0.441269041,2,5.221340058,0.089050515,7.41e-05,267.245,4,8,2,140
7343,0.05,0.944,4.28,-0.239950793,0,3.726814592,0.039541413,8.24e-06,267.245,4,8,2,140
7396,0.04,0.048,3.29,0.349334252,0,7.515036793,0.165033741,1.65e-05,267.245,4,8,2,140
7449,0.28,0.998,5.31,-0.071553261,0.5,5.776660194,0.261283168,8.24e-06,473.587,2,6,7,98.2
7542,0.02,0.998,-1.96,0.122619287,1,7.967000063,0.364654565,8.24e-06,473.587,2,6,7,98.2
7588,0.01,0.816,2.81,0.255257055,1,6.238948149,0.072673114,8.24e-06,267.245,4,8,2,140
7600,0,0.998,5.66,-0.51887331,-0.5,5.334240902,0.055142946,8.24e-06,267.245,4,8,2,140
7610,0,0.905,3.08,-0.093109404,-0.5,2.927525406,0.008508936,1.65e-05,267.245,4,8,2,140
7611,0,0.995,5.66,0.95419631,0.5,3.304180534,0.015807239,1.65e-05,267.245,4,8,2,140
7670,0.02,0.345,5.71,0.713286598,0,5.996127,0.137376489,8.24e-06,197.19,4,5,3,104
7676,0,1,5.5,1.763765654,0.5,2.770844276,0.059188138,8.24e-06,197.19,4,5,3,104
7743,0,0.78,4.29,-0.841302254,-0.5,5.849035134,0.165563336,8.24e-06,232.283,2,2,4,54.1
7774,0.01,0.997,4.65,0.764371752,-0.5,7.39957438,0.141787753,2.47e-05,493.615,2,7,7,86.3
7778,0.24,0.004,-6.42,0.462343214,0,6.484306362,0.279810339,4.94e-05,131.175,2,3,5,63.3
7785,0.02,0.749,4.23,0,1.5,2.837691668,0.036585914,8.24e-06,131.175,2,3,5,63.3
7802,0.56,0.135,3.69,-0.122619287,0,2.256279238,0,0.000206,493.615,2,7,7,86.3
7804,0.47,0.323,4.33,-1.763765654,-0.5,2.600852937,0.009499033,8.24e-06,493.615,2,7,7,86.3
7820,0.02,0.314,-0.321,-0.537656786,-0.5,2.72368427,0.030792366,4.12e-05,131.175,2,3,5,63.3
7908,0.49,0.65,3.62,0.36923381,1,4.54614969,0.021184454,8.28e-06,207.226,5,6,3,104
7909,0.63,0.072,3.62,0.491853096,2,2.915123497,0.001577773,1.66e-05,645.608,14,19,9,321
7923,0.49,0.65,3.62,0.36923381,1,2.915123497,0.001577773,8.28e-06,645.608,14,19,9,321
7963,0,0.112,-4.23,0.239950793,0,6.473502993,0.192031339,8.24e-06,169.564,1,2,0,38.3
8074,0,0.527,4.97,-0.132637769,0,5.384727013,0.068892594,1.67e-05,241.251,6,5,2,132
8088,0,0.527,4.97,-0.132637769,0,7.598146748,0.229909454,1.67e-05,169.564,1,2,0,38.3
8104,0,1,5.4,-0.256908303,0,3.828353432,0.044635573,8.24e-06,288.431,1,2,0,37.3
8105,0.01,0.725,5.4,-0.36923381,0.5,3.503069226,0.032407891,8.24e-06,288.431,1,2,0,37.3
8115,0,0.65,5.61,-0.129283017,-1,6.266504688,0.044480031,8.27e-06,450.339,2,6,5,78
8118,0,1,5.29,-0.713286598,0,7.325265661,0.058509766,8.28e-06,450.339,2,6,5,78
8124,0.1,1,5.16,0.783188611,0.5,7.076941006,0.055219194,8.28e-06,450.339,2,6,5,78
8138,0.29,0.061,4.92,-1.183221824,1,6.463120454,0.14367848,8.24e-06,288.431,1,2,0,37.3
8219,0,1,5.49,0.495207848,1,6.804484698,0.051608851,3.31e-05,450.339,2,6,5,78
8247,0.02,0.116,4.67,-0.062735755,0.5,16.40618947,0.254387872,3.31e-05,645.608,14,19,9,321
8259,0.02,0.116,4.67,-0.062735755,0.5,3.516439961,0.010322099,3.31e-05,207.226,5,6,3,104
8444,0,1,4.25,-0.713286598,0,4.915207117,0.045594581,8.27e-06,645.608,14,19,9,321
8480,0,0.999,3.72,-0.713286598,0,4.085609012,0.029549503,8.27e-06,645.608,14,19,9,321
8492,0,0.999,4.25,-0.554588852,0,4.915207117,0.045594581,8.28e-06,645.608,14,19,9,321
8493,0,0.989,4.25,-0.256908303,0,4.915207117,0.045594581,8.28e-06,645.608,14,19,9,321
8494,0,0.993,4.25,0.297680549,1.5,2.557775205,0,8.27e-06,645.608,14,19,9,321
8580,0.66,0.006,4.21,-0.473069621,-0.5,4.232415504,0.032388856,8.28e-06,645.608,14,19,9,321
8631,0,1,3.97,-0.326810316,-0.5,2.712859746,0.002999457,8.27e-06,645.608,14,19,9,321
8638,0.21,0.504,3.97,0.415037499,-0.5,3.885576019,0.025680709,1.65e-05,645.608,14,19,9,321
8639,0.03,0.088,4.8,0.239950793,0,3.934090746,0.030892888,1.69e-05,241.251,6,5,2,132
8646,0,1,3.08,-0.783188611,-0.5,2.712859746,0.002999457,1.65e-05,645.608,14,19,9,321
8651,0.01,1,3.97,-1.763765654,-0.5,3.578634097,0.019744211,8.27e-06,645.608,14,19,9,321
8652,0.37,0.379,3.97,0.670294555,0.5,3.885576019,0.025680709,8.27e-06,645.608,14,19,9,321
8664,0,0.993,3.55,-1.019628807,-0.5,6.209207035,0.108648999,8.24e-06,446.907,1,8,8,68.7
8697,0,0.994,0.605,0.51887331,0.5,3.339125335,0.014952724,8.24e-06,393.443,1,7,11,74.7
8703,0,1,5.67,0.473069621,0.5,3.306510699,0.012435268,8.24e-06,393.443,1,7,11,74.7
8779,0,0.975,3.23,-0.9224634,0,3.442556753,0.017112369,1.65e-05,645.608,14,19,9,321
8781,0.01,1,4.12,0,1.5,3.300759458,0.014369898,0.000786,645.608,14,19,9,321
8783,0,1,4.12,-0.702095134,1,5.744051358,0.061625078,8.27e-06,645.608,14,19,9,321
8784,0,0.999,-4.14,-0.183221824,0,5.744051358,0.061625078,5.79e-05,645.608,14,19,9,321
8788,0.02,1,4.12,-1,1,3.300759458,0.014369898,8.27e-06,645.608,14,19,9,321
8836,0,0.313,5.92,-0.114458725,-1.5,7.961300773,0.107737087,2.47e-05,393.443,1,7,11,74.7
8845,0,0.96,5.92,0.415037499,-0.5,3.479675416,0.019631909,2.47e-05,393.443,1,7,11,74.7
8847,0,0.219,0.847,0,0,2.918223775,0.000940096,3.3e-05,393.443,1,7,11,74.7
8848,0,1,5.92,-0.886991038,0.5,3.446414949,0.015299657,1.65e-05,393.443,1,7,11,74.7
8851,0,0.219,0.847,0,0,3.431025065,0.014984566,3.3e-05,393.443,1,7,11,74.7
8881,0,0.986,3.89,-0.139274789,0.5,3.446760508,0.017193673,8.26e-06,645.608,14,19,9,321
8882,0.01,1,3.89,-0.9224634,0,3.446760508,0.017193673,8.26e-06,645.608,14,19,9,321
8945,0.15,0.976,2.38,-0.580543829,-1.5,3.357197939,0.008642263,4.14e-05,207.226,5,6,3,104
9087,0,0.998,5.34,-0.624490865,-0.5,4.68586961,0.034759918,8.28e-06,645.608,14,19,9,321
9126,0.13,0.001,4.21,-0.51887331,1,2.629306753,0.000963776,8.27e-06,207.226,5,6,3,104
9127,0.13,0.001,4.21,-0.473069621,-0.5,3.848039631,0.019059759,8.27e-06,645.608,14,19,9,321
9135,0.1,0.685,5.38,-0.495207848,-1,2.996833329,0.004840795,6.62e-05,207.226,5,6,3,104
9136,0.01,0.941,5.38,-0.441269041,-2,2.996833329,0.004840795,8.27e-06,207.226,5,6,3,104
9137,0.01,0.717,5.38,-0.670294555,-0.5,2.996833329,0.004840795,0.000397,207.226,5,6,3,104
9139,0,1,5.38,0,-1.5,5.405083256,0.048237316,8.27e-06,645.608,14,19,9,321
9196,0.07,0.557,1.17,-0.229025514,1.5,7.016478034,0.047243821,8.28e-06,207.226,5,6,3,104
9207,0,0.946,5.21,-0.584962501,-1,6.866391338,0.075620878,8.28e-06,645.608,14,19,9,321
9242,1,0.001,1.5,-0.132637769,0,18.4783069,0.293217437,1.66e-05,645.608,14,19,9,321
9267,0.04,0.086,0.0123,0.122619287,1,5.260742723,0.098480182,8.24e-06,288.431,1,2,0,37.3
9270,0.87,0.471,2.86,-0.239950793,0,7.544933532,0.184344661,8.24e-06,288.431,1,2,0,37.3
9277,0.02,0.365,3.77,-0.256908303,0,4.726462737,0.078396189,8.24e-06,288.431,1,2,0,37.3
9283,0.01,0.982,4.71,-0.395137942,0,5.415858011,0.104311084,8.24e-06,288.431,1,2,0,37.3
9297,0.03,0.998,4.88,-0.122619287,0,8.087020094,0.204722109,8.24e-06,288.431,1,2,0,37.3
9320,0.6,0,-9.95,-0.415037499,0.5,6.90308547,0.160217102,1.65e-05,288.431,1,2,0,37.3
9360,0.87,0.665,5.35,-0.648156327,0,7.881397338,0.142738849,8.24e-06,46.069,1,1,0,20.2
9363,0,0.529,5.5,-1.36923381,0,3.097716256,0.015887038,8.24e-06,222.237,2,7,2,152
9382,0,0.904,5.49,-1.297680549,-0.5,3.527864085,0.034654245,8.24e-06,222.237,2,7,2,152
9385,0,0.997,5.89,0.441269041,2,4.210885061,0.064454224,8.24e-06,222.237,2,7,2,152
9393,0,0.958,4.83,-0.390789953,-0.5,3.177314904,0.0193599,9.88e-05,222.237,2,7,2,152
9417,0.26,0.207,3.48,-0.415037499,0.5,3.945117235,0.044453648,8.24e-06,606.777,2,9,14,76.7
9418,0.26,0.05,1.77,-0.239950793,0,3.945117235,0.044453648,8.24e-06,606.777,2,9,14,76.7
9506,0,1,5.25,0.183221824,0,2.852986681,0.029509984,8.24e-06,606.777,2,9,14,76.7
9550,0.2,0.598,5.67,0.239950793,0,4.060742912,0.091310063,4.12e-05,75.067,2,2,0,49.3
9585,0,1,5.85,-0.783188611,-0.5,6.794441037,0.205337848,1.65e-05,75.067,2,2,0,49.3
9683,0,0.997,5.62,-0.886991038,0.5,3.752651063,0.041820126,8.24e-06,606.777,2,9,14,76.7
9701,0.03,0.993,4.79,0.122619287,0,7.573793633,0.237846138,8.24e-06,75.067,2,2,0,49.3
9713,0.25,0.895,1.72,0.491853096,0.5,7.049164064,0.215962834,8.24e-06,75.067,2,2,0,49.3
9735,0,1,5.56,-0.390789953,-0.5,7.804820754,0.247482722,8.24e-06,75.067,2,2,0,49.3
9761,0.39,0.002,3.87,-0.183221824,0,5.017813667,0.066851976,1.65e-05,488.007,3,9,7,135
9764,0,0.995,5.55,-0.764371752,0.5,6.493610475,0.1716001,8.24e-06,493.615,2,7,7,86.3
9766,0.01,0.638,3.96,0.36923381,1,2.809433395,0.002857858,8.24e-06,324.341,3,6,8,147
9789,0.01,0.999,6.03,0.239950793,0,4.125308958,0.084618946,1.65e-05,493.615,2,7,7,86.3
9817,0.39,0.001,-5.9,0.256908303,0,6.561605063,0.162744476,8.24e-06,318.863,0,3,4,31.8
9818,0.15,0.001,-1.23,-0.648156327,0,3.776870398,0.03392305,8.24e-06,318.863,0,3,4,31.8
9842,0.03,0.935,2.18,0.648156327,0,7.796409558,0.219866355,8.24e-06,318.863,0,3,4,31.8
9843,0.01,0.997,0.161,0.425763906,0,7.796409558,0.219866355,8.24e-06,318.863,0,3,4,31.8
9844,0.28,0.729,-2.45,-0.239950793,0,6.127875407,0.142680205,1.65e-05,318.863,0,3,4,31.8
9851,0.01,0.968,-0.0533,0.302028537,-0.5,6.204025306,0.146202888,8.24e-06,318.863,0,3,4,31.8
9878,0.82,0,-9.69,0.053938807,-1,15.17063473,0.442992492,8.24e-06,222.237,2,7,2,152
9884,0.06,0.826,4.74,-0.053938807,1,7.573617234,0.172719466,8.24e-06,222.237,2,7,2,152
9896,0.01,0.999,3.94,0.071553261,-0.5,3.459958526,0.026371115,8.24e-06,222.237,2,7,2,152
9915,0.02,0.876,5.82,-0.713286598,0,5.713750957,0.061526687,8.24e-06,324.341,3,6,8,147
9918,0.47,0.967,5.38,-0.69281849,0,3.573494228,0.018292312,8.24e-06,324.341,3,6,8,147
9936,0.37,0.008,4.78,-1,1,3.739603589,0.021647813,8.24e-06,324.341,3,6,8,147
10007,0,1,5.37,-0.349334252,0,2.718701344,0,3.3e-05,222.237,2,7,2,152
10041,0,0.997,5.49,-0.764371752,0.5,2.848616857,0.003649386,8.24e-06,324.341,3,6,8,147
10068,0.01,0.746,4.95,-1.763765654,-0.5,6.638424813,0.139448872,8.24e-06,222.237,2,7,2,152
10085,0,0.972,4.26,-0.36923381,0.5,5.51944798,0.118716005,8.24e-06,300.442,1,2,5,37.3
10088,0.45,0.405,4.26,-0.123735368,-0.5,3.851179689,0.046710426,1.65e-05,300.442,1,2,5,37.3
10089,0.05,0.995,4.26,-0.239950793,0,5.624622565,0.123255536,1.65e-05,300.442,1,2,5,37.3
10099,0.01,0.998,4.26,-0.886991038,0.5,3.499641267,0.031537371,8.24e-06,300.442,1,2,5,37.3
10104,0.14,0.019,4.74,0.255257055,1,2.836406177,0.037281117,8.24e-06,493.615,2,7,7,86.3
10137,0,0.999,4.74,0.071553261,-0.5,3.353618941,0.022587956,2.47e-05,222.237,2,7,2,152
10202,0.23,0.364,4.75,-0.376563351,-0.5,5.635532805,0.080473206,2.47e-05,416.942,0,4,3,60.4
10268,0.14,0.042,5.18,-0.118644496,-0.5,6.243115969,0.110110371,4.94e-05,288.431,1,2,0,37.3
10280,0.14,0.016,5.19,0.255257055,1,6.680817989,0.22043763,1.65e-05,430.374,2,9,5,116
